Letter ID,Severity,Frequency,issue_category,sentiment,issue_name,letter_text
1,High,Persistent,Environmental,Neutral,Air Pollution,"Dear Council, I am writing to inform you about the air quality in our area. The levels of nitrogen dioxide and particulate matter have exceeded safe limits near busy roads and industrial zones. This is affecting the respiratory health of residents, especially children and the elderly. Please consider implementing emissions regulations and promoting cleaner transportation options. Sincerely, John Doe"
2,High,Persistent,Transport,Neutral,Traffic Congestion,"Dear Council, The traffic congestion on Main Street during peak hours is causing delays and contributing to air pollution. Implementing better traffic management systems and encouraging public transport could help. Best regards, Jane Smith"
3,High,Persistent,Housing,Neutral,Lack of Affordable Housing,"Dear Council, The lack of affordable housing in our area is an issue. Rising rents and property prices are impacting many families. Prioritizing the construction of social housing and introducing rent control measures could be beneficial. Yours sincerely, Michael Brown"
4,High,Persistent,Social,Neutral,Homelessness,"Dear Council, The number of rough sleepers in our city has increased. It is important to support homeless shelters and services. Kind regards, Sarah Johnson"
5,Medium,Persistent,Economic,Neutral,Youth Unemployment,"Dear Council, The rate of youth unemployment in our area is high. Creating more apprenticeship programs and partnering with local businesses to provide opportunities could help. Sincerely, David Wilson"
6,High,Persistent,Transport,Neutral,Overcrowded Public Transport,"Dear Council, Overcrowding on buses and trains during peak hours is causing discomfort for commuters. Increasing the frequency of services and investing in additional vehicles could alleviate the issue. Best regards, Emily Davis"
7,High,Persistent,Economic,Neutral,High Cost of Living,"Dear Council, The rising cost of living is affecting families in our area. Exploring measures to reduce living costs, such as subsidies and price controls, could be beneficial. Yours sincerely, Robert Taylor"
8,Medium,Persistent,Economic,Neutral,Decline in Local Shops and High Street Businesses,"Dear Council, The decline of local shops and high street businesses is an issue. Providing financial support and incentives could help these businesses survive. Kind regards, Laura Evans"
9,High,Persistent,Healthcare,Neutral,Underfunded Healthcare Services,"Dear Council, The underfunding of healthcare services is impacting the NHS. Increasing funding and resources could improve the situation. Sincerely, James Clark"
10,High,Persistent,Technology,Neutral,Cybersecurity Threats,"Dear Council, Cybersecurity risks for individuals and businesses are growing. Organizing workshops and providing resources to improve cybersecurity awareness could be beneficial. Sincerely, John Doe"
11,Medium,Persistent,Social,Neutral,Food Insecurity,"Dear Council, Access to affordable, nutritious food is an issue in our community. Supporting initiatives like community gardens and subsidies for healthy food could help. Best regards, Jane Smith"
12,High,Seasonal,Environmental,Neutral,Water Scarcity,"Dear Council, Water shortages during the summer months are affecting households and local businesses. Investing in water conservation measures and improving infrastructure could manage water resources more effectively. Yours sincerely, Michael Brown"
13,Medium,Persistent,Environmental,Neutral,Waste Disposal and Recycling Issues,"Dear Council, The waste disposal and recycling systems could be improved. Enhancing recycling education and waste management infrastructure could reduce environmental harm. Kind regards, Sarah Johnson"
14,High,Persistent,Education,Neutral,School Overcrowding,"Dear Council, Overcrowding in local schools is affecting the quality of education. Building new schools and hiring more staff could address this issue. Sincerely, David Wilson"
15,High,Persistent,Infrastructure,Neutral,Potholes and Road Surface Damage,"Dear Council, The condition of roads, particularly potholes and uneven surfaces, is causing damage to vehicles and posing safety risks. Allocating more resources to road maintenance and repairs could improve the situation. Best regards, Emily Davis"
16,High,Persistent,Social,Neutral,Crime Rates in Urban Areas,"Dear Council, Crime rates in urban areas are increasing. Increasing police patrols and investing in community safety programs could make residents feel safer. Yours sincerely, Robert Taylor"
17,Medium,Persistent,Environmental,Neutral,Limited Green Spaces,"Dear Council, The lack of parks and recreational areas in our city is affecting the quality of life for residents. Prioritizing the creation and maintenance of more green spaces could benefit the community. Kind regards, Laura Evans"
18,High,Persistent,Infrastructure,Neutral,Aging Infrastructure,"Dear Council, The aging infrastructure in our city is causing frequent breakdowns and safety concerns. Investing in repairs and upgrades could improve the reliability and safety of our infrastructure. Sincerely, John Doe"
19,Medium,Persistent,Technology,Neutral,Digital Divide,"Dear Council, The digital divide in our community is affecting access to education and job opportunities. Providing affordable internet access and digital literacy programs could help bridge this gap. Best regards, Jane Smith"
20,High,Persistent,Economic,Neutral,Rising Energy Costs,"Dear Council, The rising energy costs are putting financial pressure on families and businesses. Exploring renewable energy options and providing subsidies for energy-efficient solutions could help alleviate this burden. Yours sincerely, Michael Brown"
21,High,Persistent,Housing,Neutral,Housing Quality Issues,"Dear Council, The quality of housing in our area is a concern, with many homes requiring repairs and maintenance. Implementing housing quality standards and providing assistance for renovations could improve living conditions. Kind regards, Sarah Johnson"
22,High,Persistent,Social,Neutral,Lack of Social Mobility,"Dear Council, The lack of social mobility in our community is limiting opportunities for upward movement. Investing in education and job training programs could help individuals achieve their full potential. Sincerely, David Wilson"
23,High,Persistent,Environmental,Neutral,Climate Change Adaptation,"Dear Council, The need for climate change adaptation measures is becoming more urgent. Implementing strategies to address the impacts of climate change, such as flooding and heatwaves, could improve resilience. Best regards, Emily Davis"
24,High,Persistent,Social,Neutral,Elderly Care Shortages,"Dear Council, The shortage of elderly care services is affecting the well-being of our senior citizens. Increasing funding for care facilities and support services could improve their quality of life. Yours sincerely, Robert Taylor"
25,Medium,Persistent,Transport,Neutral,Rural Transport Accessibility,"Dear Council, The lack of rural transport accessibility is limiting mobility for residents in remote areas. Expanding public transport services and improving infrastructure could enhance connectivity. Kind regards, Laura Evans"
26,High,Persistent,Healthcare,Neutral,Mental Health Service Shortages,"Dear Council, The shortage of mental health services is impacting the well-being of residents. Increasing funding and resources for mental health support could address this issue. Sincerely, John Doe"
27,High,Persistent,Social,Neutral,Drug and Alcohol Abuse,"Dear Council, Drug and alcohol abuse in our community is a concerning issue. Implementing prevention and rehabilitation programs could help reduce substance abuse and its associated problems. Best regards, Jane Smith"
28,High,Persistent,Economic,Neutral,Gender Pay Gap,"Dear Council, The gender pay gap in our workforce is an issue that needs to be addressed. Implementing equal pay policies and promoting gender equality in the workplace could help reduce this disparity. Yours sincerely, Michael Brown"
29,Medium,Persistent,Economic,Neutral,Age Discrimination in Employment,"Dear Council, Age discrimination in employment is affecting job opportunities for older individuals. Enforcing anti-discrimination laws and promoting inclusive hiring practices could improve employment prospects for all ages. Kind regards, Sarah Johnson"
30,High,Persistent,Social,Neutral,Child Poverty,"Dear Council, Child poverty in our area is a pressing issue that affects the well-being and future prospects of many children. Implementing social welfare programs and providing financial support to low-income families could help reduce child poverty. Sincerely, David Wilson"
31,Medium,Persistent,Government,Neutral,Bureaucratic Delays in Government Services,"Dear Council, Bureaucratic delays in government services are causing frustration for residents. Streamlining processes and improving efficiency could enhance service delivery. Best regards, Emily Davis"
32,Medium,Persistent,Infrastructure,Neutral,Lack of Public Restrooms in Urban Areas,"Dear Council, The lack of public restrooms in urban areas is an inconvenience for residents and visitors. Increasing the availability of clean and accessible public restrooms could improve the overall experience in the city. Yours sincerely, Robert Taylor"
33,High,Persistent,Transport,Neutral,Unsafe Cycling Infrastructure,"Dear Council, The cycling infrastructure in our city is unsafe for cyclists, leading to accidents and discouraging cycling as a mode of transport. Investing in safer cycling lanes and infrastructure could promote cycling and reduce traffic congestion. Kind regards, Laura Evans"
34,High,Persistent,Social,Neutral,Tackling Modern Slavery,"Dear Council, Modern slavery is a hidden but serious issue in our community. Implementing measures to identify and support victims, and raising awareness about the signs of modern slavery, could help tackle this problem. Sincerely, John Doe"
35,High,Persistent,Social,Neutral,Gentrification and Displacement of Local Communities,"Dear Council, Gentrification is leading to the displacement of long-standing local communities. Implementing policies to protect affordable housing and support diverse communities could help mitigate the negative impacts of gentrification. Best regards, Jane Smith"
36,Medium,Persistent,Social,Neutral,Tackling Fake News and Misinformation,"Dear Council, The spread of fake news and misinformation is undermining public trust and causing confusion. Implementing strategies to combat fake news and promote media literacy could help address this issue. Yours sincerely, Michael Brown"