Letter ID,Severity,Frequency,Category,Sentiment,Issue Name,Content
1,High,Persistent,Environmental,Negative,Air Pollution,"Dear Council, I am writing to express my concern about the deteriorating air quality in our area. The levels of nitrogen dioxide and particulate matter have exceeded safe limits, particularly near busy roads and industrial zones. This is causing respiratory issues for many residents, especially children and the elderly. I urge you to implement stricter emissions regulations and promote cleaner transportation options. Sincerely, John Doe"
2,High,Persistent,Transport,Negative,Traffic Congestion,"Dear Council, The traffic congestion on Main Street has become unbearable during peak hours. The constant gridlock is not only wasting time but also contributing to air pollution. I recommend implementing better traffic management systems and encouraging the use of public transport. Best regards, Jane Smith"
3,High,Persistent,Housing,Negative,Lack of Affordable Housing,"Dear Council, The lack of affordable housing in our area is a growing crisis. Many families are being forced to move away due to rising rents and property prices. I urge you to prioritize the construction of social housing and introduce rent control measures. Yours sincerely, Michael Brown"
4,High,Persistent,Social,Negative,Homelessness,"Dear Council, The number of rough sleepers in our city has reached alarming levels. It is heartbreaking to see so many people without shelter, especially during the winter months. I urge you to increase funding for homeless shelters and support services. Kind regards, Sarah Johnson"
5,Medium,Persistent,Economic,Negative,Youth Unemployment,"Dear Council, The high rate of youth unemployment in our area is deeply concerning. Many young people are struggling to find jobs despite having qualifications. I recommend creating more apprenticeship programs and partnering with local businesses to provide opportunities. Sincerely, David Wilson"
6,High,Persistent,Transport,Negative,Overcrowded Public Transport,"Dear Council, The overcrowding on our buses and trains is becoming a serious issue. During peak hours, it is almost impossible to find a seat, and the lack of space is causing discomfort and stress for commuters. I urge you to increase the frequency of services and invest in additional vehicles. Best regards, Emily Davis"
7,High,Persistent,Economic,Negative,High Cost of Living,"Dear Council, The rising cost of living is putting immense pressure on families in our area. The prices of essentials like food, energy, and housing are becoming unaffordable for many. I urge you to explore measures to reduce living costs, such as subsidies and price controls. Yours sincerely, Robert Taylor"
8,Medium,Persistent,Economic,Negative,Decline in Local Shops and High Street Businesses,"Dear Council, The decline of local shops and high street businesses is deeply concerning. Many long-standing businesses have been forced to close due to rising rents and competition from online retailers. I recommend providing financial support and incentives to help these businesses survive. Kind regards, Laura Evans"
9,High,Persistent,Healthcare,Negative,Underfunded Healthcare Services,"Dear Council, The underfunding of our healthcare services is putting lives at risk. The NHS is struggling to cope with the demand, and patients are facing long waiting times for treatment. I urge you to increase funding and resources for our healthcare system. Sincerely, James Clark"
10,High,Persistent,Healthcare,Negative,Delays in NHS Treatment,"Dear Council, The delays in NHS treatment are causing unnecessary suffering for patients. Many people are waiting months for essential surgeries and appointments. I urge you to address this issue by increasing staffing levels and reducing bureaucracy. Best regards, Sophia Walker"
11,High,Persistent,Technology,Negative,Cybersecurity Threats,"Dear Council, The increasing risk of cyberattacks on individuals and businesses is a growing concern. Many residents and local businesses lack the knowledge and resources to protect themselves. I recommend organizing workshops and providing resources to improve cybersecurity awareness. Sincerely, John Doe"
12,Medium,Persistent,Social,Negative,Food Insecurity,"Dear Council, The lack of access to affordable, nutritious food is a serious issue in our community. Many families are struggling to put food on the table, and food banks are overwhelmed. I urge you to support initiatives that address food insecurity, such as community gardens and subsidies for healthy food. Best regards, Jane Smith"
13,High,Seasonal,Environmental,Negative,Water Scarcity,"Dear Council, The recurring water shortages in our area are becoming a major problem, especially during the summer months. This is affecting both households and local businesses. I recommend investing in water conservation measures and improving infrastructure to manage water resources more effectively. Yours sincerely, Michael Brown"
14,Medium,Persistent,Environmental,Negative,Waste Disposal and Recycling Issues,"Dear Council, The inefficiency of our waste disposal and recycling systems is causing environmental harm. Many residents are confused about what can be recycled, and there is a lack of proper facilities. I urge you to improve recycling education and invest in better waste management infrastructure. Kind regards, Sarah Johnson"
15,High,Persistent,Education,Negative,School Overcrowding,"Dear Council, The overcrowding in our local schools is affecting the quality of education. Classrooms are overpopulated, and teachers are struggling to meet the needs of all students. I recommend building new schools and hiring more staff to address this issue. Sincerely, David Wilson"
16,High,Persistent,Infrastructure,Negative,Potholes and Road Surface Damage,"Dear Council, The poor condition of our roads, particularly the potholes and uneven surfaces, is causing damage to vehicles and posing safety risks. I urge you to allocate more resources to road maintenance and repairs. Best regards, Emily Davis"
17,High,Persistent,Social,Negative,Crime Rates in Urban Areas,"Dear Council, The rising crime rates in our urban areas are a major concern. Incidents of theft, violence, and burglary are increasing, making residents feel unsafe. I recommend increasing police patrols and investing in community safety programs. Yours sincerely, Robert Taylor"
18,Medium,Persistent,Environmental,Negative,Limited Green Spaces,"Dear Council, The lack of parks and recreational areas in our city is affecting the quality of life for residents. Green spaces are essential for mental and physical well-being. I urge you to prioritize the creation and maintenance of more green spaces. Kind regards, Laura Evans"
19,High,Persistent,Infrastructure,Negative,Aging Infrastructure,"Dear Council, The outdated infrastructure in our area, including roads, bridges, and public buildings, is in desperate need of modernization. I recommend investing in infrastructure upgrades to ensure safety and functionality. Sincerely, James Clark"
20,Medium,Persistent,Technology,Negative,Digital Divide,"Dear Council, The lack of broadband access in rural areas is creating a digital divide, limiting opportunities for education and employment. I urge you to invest in expanding internet infrastructure to underserved areas. Best regards, Sophia Walker"
21,High,Persistent,Economic,Negative,Rising Energy Costs,"Dear Council, The rising cost of energy is putting a strain on households and businesses. Many residents are struggling to pay their bills, especially during the winter months. I recommend exploring renewable energy options and providing subsidies for low-income families. Sincerely, John Doe"
22,High,Persistent,Housing,Negative,Housing Quality Issues,"Dear Council, The poor quality of housing in our area, including issues like damp, mould, and structural problems, is affecting the health and well-being of residents. I urge you to enforce stricter housing standards and provide support for repairs. Best regards, Jane Smith"
23,Medium,Persistent,Social,Negative,Lack of Social Mobility,"Dear Council, The lack of opportunities for upward economic movement is a significant issue in our community. Many residents feel trapped in low-paying jobs with no prospects for advancement. I recommend investing in education and training programs to improve social mobility. Yours sincerely, Michael Brown"
24,High,Persistent,Environmental,Negative,Climate Change Adaptation,"Dear Council, The lack of adequate flood defenses and coastal erosion measures is putting our community at risk. I urge you to prioritize climate change adaptation projects to protect our homes and infrastructure. Kind regards, Sarah Johnson"
25,High,Persistent,Healthcare,Negative,Elderly Care Shortages,"Dear Council, The shortage of care homes and support services for the elderly is a growing concern. Many older residents are struggling to access the care they need. I recommend increasing funding for elderly care and improving access to services. Sincerely, David Wilson"
26,Medium,Persistent,Transport,Negative,Rural Transport Accessibility,"Dear Council, The poor public transport options in rural areas are isolating residents and limiting access to essential services. I urge you to invest in better transport infrastructure to connect rural communities. Best regards, Emily Davis"
27,High,Persistent,Healthcare,Negative,Mental Health Service Shortages,"Dear Council, The lack of access to mental health support is a critical issue. Many residents are struggling with mental health issues but cannot get the help they need. I recommend increasing funding for mental health services and reducing waiting times. Yours sincerely, Robert Taylor"
28,High,Persistent,Social,Negative,Drug and Alcohol Abuse,"Dear Council, The rising rates of drug and alcohol abuse in our community are causing significant harm. I urge you to invest in prevention programs and support services for those affected. Kind regards, Laura Evans"
29,Medium,Persistent,Economic,Negative,Gender Pay Gap,"Dear Council, The inequality in earnings between men and women is a persistent issue in our area. I recommend enforcing equal pay policies and promoting workplace diversity. Sincerely, James Clark"
30,Medium,Persistent,Economic,Negative,Age Discrimination in Employment,"Dear Council, The bias against older and younger workers in the job market is a significant concern. I urge you to promote inclusive hiring practices and provide support for workers of all ages. Best regards, Sophia Walker"
31,High,Persistent,Social,Negative,Child Poverty,"Dear Council, The high levels of poverty among children in our area are deeply concerning. Many families are struggling to provide basic necessities for their children. I recommend increasing support for low-income families and improving access to education and healthcare. Sincerely, John Doe"
32,Medium,Persistent,Government,Negative,Bureaucratic Delays in Government Services,"Dear Council, The slow processing of permits, benefits, and other government services is causing frustration for residents. I urge you to streamline processes and reduce delays. Best regards, Jane Smith"
33,Medium,Persistent,Environmental,Negative,Lack of Public Restrooms in Urban Areas,"Dear Council, The lack of accessible and clean public restrooms in our city is a significant inconvenience for residents and visitors. I recommend increasing the number of public restrooms and improving maintenance. Yours sincerely, Michael Brown"
34,High,Persistent,Transport,Negative,Unsafe Cycling Infrastructure,"Dear Council, The poorly designed and maintained bike lanes in our area are putting cyclists at risk. I urge you to invest in safer cycling infrastructure to encourage more people to cycle. Kind regards, Sarah Johnson"
35,High,Persistent,Social,Negative,Tackling Modern Slavery,"Dear Council, The issue of modern slavery and human trafficking is a growing concern in our area. I recommend increasing awareness and providing support for victims. Sincerely, David Wilson"
36,Medium,Persistent,Social,Negative,Gentrification and Displacement of Local Communities,"Dear Council, The rising rents and property prices are forcing long-term residents out of their neighborhoods. I urge you to implement measures to protect local communities from displacement. Best regards, Emily Davis"
37,High,Persistent,Social,Negative,Tackling Fake News and Misinformation,"Dear Council, The spread of fake news and misinformation is causing harm to our community. I recommend promoting media literacy and holding platforms accountable for false information. Yours sincerely, Robert Taylor"
38,Medium,Persistent,Social,Negative,Integration of Immigrant Communities,"Dear Council, The lack of inclusivity and support for immigrant communities is a significant issue. I recommend providing resources and programs to help immigrants integrate into our community. Kind regards, Laura Evans"
39,Medium,Persistent,Transport,Negative,Parking Problems,"Dear Council, The limited parking spaces and illegal parking in our area are causing frustration for residents and visitors. I recommend increasing parking facilities and enforcing parking regulations. Sincerely, James Clark"
40,Medium,Persistent,Environmental,Negative,Littering in Public Spaces,"Dear Council, The littering in our parks and streets is a persistent problem. Despite the presence of trash bins, many people continue to leave litter behind. I recommend increasing public awareness and enforcing fines for littering. Best regards, Sophia Walker"
41,High,Persistent,Transport,Negative,Speeding Vehicles,"Dear Council, The reckless driving and speeding in residential areas are putting pedestrians and cyclists at risk. I recommend implementing traffic calming measures and increasing police patrols. Sincerely, John Doe"
42,Medium,Persistent,Infrastructure,Negative,Crumbling Pavements,"Dear Council, The uneven and damaged sidewalks in our area are causing trip hazards for pedestrians. I urge you to prioritize pavement repairs to ensure safety. Best regards, Jane Smith"
43,Medium,Persistent,Technology,Negative,Public Wi-Fi Gaps,"Dear Council, The lack of reliable internet access in public areas is limiting opportunities for residents and visitors. I recommend expanding public Wi-Fi coverage to improve connectivity. Yours sincerely, Michael Brown"
44,Medium,Persistent,Social,Negative,Youth Services Cuts,"Dear Council, The reduction in funding for youth clubs and activities is affecting the well-being of young people in our area. I recommend increasing support for youth services to provide safe and engaging spaces for young people. Kind regards, Sarah Johnson"
45,High,Persistent,Environmental,Negative,Erosion of Coastal Areas,"Dear Council, The erosion of our coastal areas is threatening homes and infrastructure. I urge you to invest in coastal protection measures to safeguard our community. Sincerely, David Wilson"
46,High,Persistent,Environmental,Negative,Flooding in Residential Areas,"Dear Council, The frequent flooding in our residential areas is causing significant damage to homes and properties. I recommend improving drainage systems and building flood defenses. Best regards, Emily Davis"
47,High,Persistent,Social,Negative,Loneliness and Social Isolation,"Dear Council, The increasing levels of loneliness and social isolation, particularly among the elderly and young people, are a growing concern. I recommend organizing community events and support programs to foster connections. Yours sincerely, Robert Taylor"
48,High,Persistent,Social,Negative,Domestic Violence and Abuse,"Dear Council, The rising cases of domestic violence and abuse in our area are deeply concerning. I urge you to increase funding for support services and shelters for victims. Kind regards, Laura Evans"
49,High,Persistent,Social,Negative,Racial Inequality and Discrimination,"Dear Council, The systemic racism and lack of diversity in leadership roles are significant issues in our community. I recommend implementing policies to promote equality and inclusion. Sincerely, James Clark"
50,High,Persistent,Social,Negative,LGBTQ+ Rights and Inclusion,"Dear Council, The lack of equal rights and protection for LGBTQ+ individuals is a pressing issue. I urge you to promote inclusivity and ensure that all residents feel safe and supported. Best regards, Sophia Walker"
51,Medium,Persistent,Social,Negative,Disability Access,"Dear Council, The inadequate accessibility in public spaces and transport is limiting the independence of disabled residents. I recommend improving accessibility to ensure inclusivity for all. Sincerely, John Doe"
52,High,Persistent,Social,Negative,Childcare Costs and Availability,"Dear Council, The high costs and lack of childcare options are making it difficult for working parents to balance their responsibilities. I recommend increasing subsidies and creating more childcare facilities. Best regards, Jane Smith"
53,Medium,Persistent,Social,Negative,Veteran Support,"Dear Council, The lack of mental health and employment support for military veterans is a significant issue. I recommend providing resources and programs to help veterans transition to civilian life. Yours sincerely, Michael Brown"
54,Medium,Persistent,Social,Negative,Community Cohesion,"Dear Council, The tensions between different cultural or religious groups are affecting community cohesion. I recommend organizing events and programs to promote understanding and unity. Kind regards, Sarah Johnson"
55,Medium,Persistent,Cultural,Negative,Access to Arts and Culture,"Dear Council, The declining funding for arts and cultural programs is limiting access to creative opportunities for residents. I recommend increasing support for local arts initiatives. Sincerely, David Wilson"
56,High,Persistent,Environmental,Negative,Biodiversity Loss,"Dear Council, The decline in native wildlife and habitats is a serious concern. I recommend implementing conservation measures to protect biodiversity. Best regards, Emily Davis"
57,Medium,Persistent,Environmental,Negative,Noise Pollution,"Dear Council, The excessive noise from traffic, construction, and nightlife is affecting the quality of life for residents. I recommend implementing noise reduction measures to create a quieter environment. Yours sincerely, Robert Taylor"
58,Medium,Persistent,Environmental,Negative,Light Pollution,"Dear Council, The excessive artificial light in our area is affecting wildlife and human health. I recommend implementing measures to reduce light pollution and promote dark skies. Kind regards, Laura Evans"
59,Medium,Persistent,Environmental,Negative,Soil Degradation,"Dear Council, The poor soil health in our area is affecting agriculture and local ecosystems. I recommend implementing soil conservation practices to improve soil quality. Sincerely, James Clark"
60,High,Persistent,Environmental,Negative,Marine Pollution,"Dear Council, The plastic and chemical waste harming our oceans and coastal areas is a significant issue. I recommend increasing efforts to reduce marine pollution and protect marine life. Best regards, Sophia Walker"
61,Medium,Persistent,Economic,Negative,Gig Economy Exploitation,"Dear Council, The lack of job security and benefits for gig workers is a growing concern. I recommend implementing regulations to protect gig workers and ensure fair treatment. Sincerely, John Doe"
62,High,Persistent,Economic,Negative,Regional Economic Disparities,"Dear Council, The wealth gaps between the North and South are creating economic inequality. I recommend investing in infrastructure and job creation in underserved regions. Best regards, Jane Smith"
63,Medium,Persistent,Economic,Negative,Skills Shortages,"Dear Council, The mismatch between workforce skills and job market needs is a significant issue. I recommend investing in vocational training and education programs to address skills shortages. Yours sincerely, Michael Brown"
64,Medium,Persistent,Economic,Negative,Zero-Hours Contracts,"Dear Council, The unstable employment conditions for workers on zero-hours contracts are a growing concern. I recommend implementing regulations to provide more job security. Kind regards, Sarah Johnson"
65,Medium,Persistent